{
  "name": "Solarized Light",
  "dark": false,
  "author": "4lex4",
  "editorScheme": "/editor/SolarizedLight.xml",
  "colors": {
    "colorBackground": "#EEE8D5",
    "colorForeground": "#2E4E58",
    "colorInactiveForeground": "#657B83",
    "colorSelectionBackground": "#3570CD",
    "colorSelectionBackgroundInactive": "#D3D2C6",
    "colorSelectionForeground": "#FFFFEB",
    "colorSelectionForegroundInactive": "#2E4E58",
    "colorHoverBackground": "#D9D7CA",
    "colorBorder": "#C8CAC0",
    "colorDisabledForeground": "#839496",
    "colorAlternativeBackground": "#FDF6E3",
    "colorSeparator": "#C8CAC0",
    "colorAcceleratorForeground": "#617EB3",
    "colorAcceleratorSelectionForeground": "#FFFFEB",
    "colorHighlight": "#FFFFEB",
    "colorShadow": "#B5C7CF"
  },
  "ui": {
    "*": {
      "background": "colorBackground",
      "caretForeground": "colorForeground",
      "disabledForeground": "colorDisabledForeground",
      "disabledText": "colorDisabledForeground",
      "foreground": "colorForeground",
      "inactiveBackground": "colorBackground",
      "inactiveForeground": "colorInactiveForeground",
      "selectionBackground": "colorSelectionBackground",
      "selectionBackgroundInactive": "colorSelectionBackgroundInactive",
      "selectionForeground": "colorSelectionForeground",
      "selectionForegroundInactive": "colorSelectionForegroundInactive",
      "selectionInactiveBackground": "colorSelectionBackgroundInactive",
      "selectionInactiveForeground": "colorSelectionForegroundInactive",
      "textBackground": "colorBackground",
      "textForeground": "colorForeground"
    },
    "ActionButton": {
      "hoverBackground": "colorHoverBackground",
      "hoverBorderColor": "colorHoverBackground",
      "pressedBackground": "#C6C7BD",
      "pressedBorderColor": "#C6C7BD"
    },
    "Borders": {
      "color": "colorBorder",
      "ContrastBorderColor": "colorBorder"
    },
    "Button": {
      "default": {
        "endBackground": "#4681BB",
        "endBorderColor": "#3065A7",
        "focusedBorderColor": "#A5C7E2",
        "foreground": "#FDF6E3",
        "shadowColor": "#000E1B0F",
        "startBackground": "#4681BB",
        "startBorderColor": "#4676B2"
      },
      "disabledBorderColor": "#C6C7BD",
      "endBackground": "colorAlternativeBackground",
      "endBorderColor": "#A7B0AC",
      "focusedBorderColor": "#86ABCB",
      "shadowColor": "#000E1B0F",
      "startBackground": "colorAlternativeBackground",
      "startBorderColor": "#B4BAB5"
    },
    "CheckBox": {},
    "CheckBoxMenuItem": {
      "acceleratorForeground": "colorAcceleratorForeground",
      "acceleratorSelectionForeground": "colorAcceleratorSelectionForeground"
    },
    "ColorChooser": {
      "swatchesDefaultRecentColor": "#CFD0C3"
    },
    "ComboBox": {
      "ArrowButton": {
        "background": "#F7F0DD",
        "disabledIconColor": "#A1ABA8",
        "iconColor": "#4E6770",
        "nonEditableBackground": "colorAlternativeBackground"
      },
      "background": "colorAlternativeBackground",
      "disabledBackground": "colorBackground",
      "modifiedItemForeground": "#3961FA",
      "nonEditableBackground": "colorAlternativeBackground"
    },
    "ComboBoxButton": {
      "background": "colorAlternativeBackground"
    },
    "ComboPopup": {
      "border": "1,1,1,1,C8CAC0"
    },
    "CompletionPopup": {
      "foreground": "colorForeground",
      "matchForeground": "#4975B9",
      "selectionBackground": "#BED8F0",
      "selectionInactiveBackground": "#D9D7CA"
    },
    "Component": {
      "borderColor": "#BAC0B8",
      "disabledBorderColor": "#C6C7BD",
      "errorFocusColor": "#DE3641",
      "focusColor": "#95BDE1",
      "focusedBorderColor": "#86ABCB",
      "hoverIconColor": "#4E6770",
      "iconColor": "#4E6770",
      "inactiveErrorFocusColor": "#E8B4A6",
      "inactiveWarningFocusColor": "#F6CA7C",
      "infoForeground": "#839496",
      "warningFocusColor": "#DC9E2F"
    },
    "Counter": {
      "background": "#99A6A5B0",
      "foreground": "#002B36"
    },
    "Debugger": {
      "Variables": {
        "changedValueForeground": "#3961FA",
        "collectingDataForeground": "#586E75",
        "errorMessageForeground": "#F94A26",
        "evaluatingExpressionForeground": "#586E75",
        "exceptionForeground": "#F94A26",
        "modifyingValueForeground": "#3961FA",
        "valueForeground": "#C44C30"
      }
    },
    "DebuggerPopup": {
      "borderColor": "colorBorder"
    },
    "DebuggerTabs": {},
    "DefaultTabs": {
      "borderColor": "colorBorder",
      "hoverBackground": "#000E1B1A",
      "inactiveUnderlineColor": "#92A4A7",
      "underlineColor": "#3D7EC0",
      "underlinedTabBackground": "colorBackground",
      "underlinedTabForeground": "colorForeground"
    },
    "DragAndDrop": {
      "areaBackground": "#DEE3DE",
      "areaBorderColor": "#88ACCD",
      "areaForeground": "#657B83"
    },
    "Editor": {
      "background": "#B5B0A2",
      "foreground": "#36525B",
      "shortcutForeground": "#516091"
    },
    "EditorPane": {
      "background": "colorAlternativeBackground",
      "inactiveBackground": "colorAlternativeBackground"
    },
    "EditorTabs": {
      "inactiveColoredFileBackground": "#0B080112",
      "underlinedTabBackground": "colorAlternativeBackground"
    },
    "FileColor": {
      "Blue": "#E8EEE5",
      "Green": "#EDF2CE",
      "Orange": "#F2E0C2",
      "Rose": "#F0D4C2",
      "Violet": "#E4D8D8",
      "Yellow": "#FBF4C9"
    },
    "FlameGraph": {
      "JavaCell": {
        "background": "#F8D583",
        "foreground": "#073642",
        "hoverBackground": "#E5C67B",
        "hoverForeground": "#073642",
        "hoverInactiveBackground": "#C9A95A",
        "hoverInactiveForeground": "#073642",
        "inactiveBackground": "#DBB969",
        "inactiveForeground": "#657B83",
        "searchFailBackground": "#C0A86D",
        "searchFailHoverBackground": "#9A865B",
        "searchFailHoverInactiveBackground": "#7F6D43",
        "searchFailInactiveBackground": "#A48E54",
        "searchOkBackground": "#F8D583",
        "searchOkHoverBackground": "#E5C67B",
        "searchOkHoverInactiveBackground": "#C7AA60",
        "searchOkInactiveBackground": "#DBB969"
      },
      "NativeCell": {
        "background": "#A7D1DD",
        "foreground": "#073642",
        "hoverBackground": "#98BBCD",
        "hoverForeground": "#073642",
        "hoverInactiveBackground": "#7CA5B1",
        "hoverInactiveForeground": "#073642",
        "inactiveBackground": "#8CB5C1",
        "inactiveForeground": "#657B83",
        "searchFailBackground": "#8DADBA",
        "searchFailHoverBackground": "#72858C",
        "searchFailHoverInactiveBackground": "#596B72",
        "searchFailInactiveBackground": "#75939F",
        "searchOkBackground": "#A7D1DD",
        "searchOkHoverBackground": "#98BBCD",
        "searchOkHoverInactiveBackground": "#7FA1B2",
        "searchOkInactiveBackground": "#8CB5C1"
      },
      "ParentCell": {
        "background": "#D3D2C6",
        "foreground": "#073642",
        "hoverBackground": "#BEC2B9",
        "hoverForeground": "#073642",
        "hoverInactiveBackground": "#9DA8A7",
        "hoverInactiveForeground": "#073642",
        "inactiveBackground": "#B1B8B2",
        "inactiveForeground": "#657B83",
        "searchFailBackground": "#7B8C8F",
        "searchFailHoverBackground": "#9DA8A7",
        "searchFailHoverInactiveBackground": "#7D8F92",
        "searchFailInactiveBackground": "#5D737B",
        "searchOkBackground": "#D3D2C6",
        "searchOkHoverBackground": "#BEC2B9",
        "searchOkHoverInactiveBackground": "#9DA8A7",
        "searchOkInactiveBackground": "#B1B8B2"
      }
    },
    "FormattedTextField": {
      "background": "colorAlternativeBackground",
      "inactiveBackground": "colorAlternativeBackground"
    },
    "Group": {
      "disabledSeparatorColor": "colorSeparator",
      "separatorColor": "colorSeparator"
    },
    "GutterTooltip": {
      "infoForeground": "#657B83",
      "lineSeparatorColor": "colorBorder"
    },
    "HelpTooltip": {
      "borderColor": "#A1ABA8"
    },
    "InformationHint": {
      "borderColor": "colorBorder"
    },
    "InplaceRefactoringPopup": {
      "borderColor": "colorBorder"
    },
    "Label": {
      "errorForeground": "#F95551",
      "infoForeground": "#657B83",
      "selectedForeground": "colorForeground"
    },
    "Link": {
      "activeForeground": "#4975B9",
      "hoverForeground": "#4975B9",
      "pressedForeground": "#2857A1",
      "secondaryForeground": "#7598AF",
      "visitedForeground": "#516091"
    },
    "List": {
      "background": "colorAlternativeBackground",
      "dropLineColor": "colorAcceleratorForeground"
    },
    "MemoryIndicator": {
      "allocatedBackground": "#CFD0C3",
      "usedBackground": "#ADB5AF"
    },
    "Menu": {
      "acceleratorForeground": "colorAcceleratorForeground",
      "acceleratorSelectionForeground": "colorAcceleratorSelectionForeground",
      "borderColor": "#D3D2C6",
      "disabledBackground": "colorBackground",
      "separatorColor": "colorSeparator"
    },
    "MenuBar": {
      "borderColor": "colorSeparator",
      "disabledBackground": "colorBackground",
      "highlight": "colorHighlight",
      "shadow": "colorShadow"
    },
    "MenuItem": {
      "acceleratorForeground": "#49636B",
      "disabledBackground": "colorBackground"
    },
    "NavBar": {
      "borderColor": "colorSeparator"
    },
    "Notification": {
      "borderColor": "#A7B0ACCD",
      "errorBackground": "#F2DED1",
      "errorBorderColor": "#DDA195",
      "errorForeground": "colorForeground",
      "MoreButton": {
        "background": "#DDDACB",
        "foreground": "#586E75",
        "innerBorderColor": "#D3D2C6"
      },
      "ToolWindow": {
        "errorBackground": "#F8C4C5",
        "errorBorderColor": "#D49084",
        "errorForeground": "colorForeground",
        "informativeBackground": "#B4E4A2",
        "informativeBorderColor": "#9DB88A",
        "informativeForeground": "colorForeground",
        "warningBackground": "#F7F280",
        "warningBorderColor": "#B4B21A",
        "warningForeground": "colorForeground"
      }
    },
    "OptionPane": {
      "messageForeground": "colorForeground"
    },
    "Panel": {},
    "ParameterInfo": {
      "background": "#F5F1E5",
      "borderColor": "#D9D7CA",
      "currentOverloadBackground": "#D9D7CA",
      "currentParameterForeground": "colorForeground",
      "disabledForeground": "#A3ADAB",
      "infoForeground": "#657B83",
      "lineSeparatorColor": "#D9D7CA"
    },
    "PasswordField": {
      "background": "colorAlternativeBackground"
    },
    "Plugins": {
      "background": "colorAlternativeBackground",
      "Button": {
        "installBackground": "colorAlternativeBackground",
        "installBorderColor": "#81BA5C",
        "installFillBackground": "#81BA5C",
        "installFillForeground": "colorAlternativeBackground",
        "installFocusedBackground": "#DFEEC2",
        "installForeground": "#81BA5C",
        "updateBackground": "#5F9DE7",
        "updateBorderColor": "#5F9DE7",
        "updateForeground": "colorAlternativeBackground"
      },
      "disabledForeground": "#A3ADAB",
      "eapTagBackground": "#EECAB6",
      "lightSelectionBackground": "#F3F1E3",
      "SearchField": {
        "background": "colorAlternativeBackground",
        "borderColor": "#B4BAB5"
      },
      "SectionHeader": {
        "background": "#F4EDDA",
        "foreground": "#627880"
      },
      "Tab": {},
      "tagBackground": "#E8E2D2",
      "tagForeground": "#627880"
    },
    "Popup": {
      "Advertiser": {
        "borderColor": "colorBorder"
      },
      "borderColor": "#A1ABA8",
      "Header": {
        "activeBackground": "#E2DCCA",
        "inactiveBackground": "#EBE5D2"
      },
      "inactiveBorderColor": "#9DA8A7",
      "separatorColor": "#D3D2C6",
      "separatorForeground": "#6B8086",
      "Toolbar": {
        "borderColor": "#F7F0DD"
      }
    },
    "PopupMenu": {
      "translucentBackground": "colorBackground"
    },
    "ProgressBar": {
      "failedColor": "#D14943",
      "failedEndColor": "#F6887C",
      "indeterminateEndColor": "#6B8086",
      "indeterminateStartColor": "#BAC0B8",
      "passedColor": "#2DAA66",
      "passedEndColor": "#77DF92",
      "progressColor": "#6B8086",
      "trackColor": "#BAC0B8"
    },
    "RadioButton": {},
    "RadioButtonMenuItem": {
      "acceleratorForeground": "colorAcceleratorForeground",
      "acceleratorSelectionForeground": "colorAcceleratorSelectionForeground"
    },
    "ScrollBar": {
      "background": "#F5F0E3",
      "hoverThumbBorderColor": "#4B5A5F47",
      "hoverThumbColor": "#5D737B47",
      "hoverTrackColor": "",
      "Mac": {
        "hoverThumbBorderColor": "#002B3680",
        "hoverThumbColor": "#002B3680",
        "hoverTrackColor": "",
        "thumbBorderColor": "#002B3633",
        "thumbColor": "#002B3633",
        "trackColor": "",
        "Transparent": {
          "hoverThumbBorderColor": "#002B3680",
          "hoverThumbColor": "#002B3680",
          "hoverTrackColor": "#6D82891A",
          "thumbBorderColor": "",
          "thumbColor": "",
          "trackColor": ""
        }
      },
      "thumbBorderColor": "#4B5A5F33",
      "thumbColor": "#5D737B33",
      "trackColor": "",
      "Transparent": {
        "hoverThumbBorderColor": "#4B5A5F47",
        "hoverThumbColor": "#5D737B47",
        "hoverTrackColor": "#6D82891A",
        "thumbBorderColor": "#4B5A5F33",
        "thumbColor": "#5D737B33",
        "trackColor": ""
      }
    },
    "ScrollPane": {},
    "SearchEverywhere": {
      "Advertiser": {
        "foreground": "#6B8086"
      },
      "Header": {},
      "List": {
        "separatorColor": "#D7D5C7",
        "separatorForeground": "#657B83"
      },
      "SearchField": {
        "background": "colorAlternativeBackground",
        "borderColor": "#B4BAB5",
        "infoForeground": "#6B8086"
      },
      "Tab": {
        "selectedBackground": "#DAD5C3",
        "selectedForeground": "colorForeground"
      }
    },
    "SearchField": {
      "errorBackground": "#FCC4B3"
    },
    "SearchMatch": {
      "endBackground": "#F8C734",
      "startBackground": "#FAE08D"
    },
    "Separator": {
      "separatorColor": "colorSeparator"
    },
    "SidePanel": {
      "background": "#E2E2D4"
    },
    "Slider": {
      "buttonBorderColor": "#95A3A4",
      "buttonColor": "colorAlternativeBackground",
      "tickColor": "#869798",
      "trackColor": "#BEC2B9"
    },
    "SpeedSearch": {
      "borderColor": "#6B8086",
      "errorForeground": "#F94A26"
    },
    "Spinner": {},
    "SplitPane": {
      "darkShadow": "#78858B",
      "highlight": "colorBackground",
      "shadow": "colorShadow"
    },
    "SplitPaneDivider": {
      "draggingColor": "#1E434E"
    },
    "StatusBar": {
      "borderColor": "colorBorder",
      "hoverBackground": "colorHoverBackground"
    },
    "TabbedPane": {
      "contentAreaColor": "#B4BAB5",
      "disabledUnderlineColor": "#A1ABA8",
      "focus": "colorAcceleratorForeground",
      "focusColor": "#D6DBD3",
      "hoverColor": "#D3D2C6",
      "underlineColor": "#3D7EC0"
    },
    "Table": {
      "background": "colorAlternativeBackground",
      "dropLineColor": "colorAcceleratorForeground",
      "dropLineShortColor": "#5F63A9",
      "focusCellBackground": "colorAlternativeBackground",
      "focusCellForeground": "colorForeground",
      "gridColor": "#F4EDDA",
      "lightSelectionBackground": "#E7E6DA",
      "lightSelectionForeground": "colorForeground",
      "lightSelectionInactiveBackground": "#F4EDDA",
      "lightSelectionInactiveForeground": "colorForeground",
      "sortIconColor": "colorShadow",
      "stripeColor": "#F3EDDE"
    },
    "TableHeader": {
      "background": "colorAlternativeBackground",
      "bottomSeparatorColor": "#E0DDCD",
      "focusCellBackground": "colorAlternativeBackground",
      "separatorColor": "#E0DDCD"
    },
    "TextArea": {
      "background": "colorAlternativeBackground"
    },
    "TextComponent": {},
    "TextField": {
      "background": "colorAlternativeBackground",
      "darkShadow": "#73888C",
      "highlight": "colorHighlight"
    },
    "TextPane": {},
    "TitledBorder": {
      "titleColor": "colorForeground"
    },
    "TitlePane": {
      "Button": {
        "hoverBackground": "#0001181A"
      },
      "inactiveInfoForeground": "#839496",
      "infoForeground": "#586E75"
    },
    "ToggleButton": {
      "borderColor": "#B7BDB6",
      "buttonColor": "#BEC2B9",
      "offBackground": "colorAlternativeBackground",
      "offForeground": "colorDisabledForeground",
      "onBackground": "#6FB460",
      "onForeground": "colorForeground"
    },
    "ToolBar": {
      "darkShadow": "#78858B",
      "floatingForeground": "colorShadow",
      "highlight": "colorHighlight",
      "light": "colorHighlight",
      "shadow": "colorShadow"
    },
    "Toolbar": {
      "Floating": {
        "background": "#EBE5D2"
      }
    },
    "ToolTip": {
      "Actions": {
        "background": "#E9E2CF",
        "infoForeground": "#93A1A1"
      },
      "background": "#F7F0DD",
      "borderColor": "#A1ABA8",
      "infoForeground": "#657B83",
      "shortcutForeground": "#566C73"
    },
    "Tooltip": {
      "separatorColor": "colorSeparator"
    },
    "ToolWindow": {
      "Button": {
        "hoverBackground": "#3B576025",
        "selectedBackground": "#3B576050",
        "selectedForeground": "#002B36"
      },
      "Header": {
        "background": "#DEDDD1",
        "borderColor": "colorBorder",
        "inactiveBackground": "colorBackground"
      },
      "HeaderCloseButton": {
        "background": "#ADB5AF"
      },
      "HeaderTab": {
        "selectedInactiveBackground": "#D3D2C6"
      }
    },
    "Tree": {
      "background": "colorAlternativeBackground",
      "errorForeground": "#F94A26",
      "hash": "#E0DDCD",
      "modifiedItemForeground": "#3961FA"
    },
    "UiDesigner": {
      "Panel": {},
      "Preview": {}
    },
    "ValidationTooltip": {
      "errorBackground": "#F2DED1",
      "errorBorderColor": "#DDA195",
      "warningBackground": "#F2E8D0",
      "warningBorderColor": "#DDC794"
    },
    "VersionControl": {
      "FileHistory": {
        "Commit": {
          "selectedBranchBackground": "#FBF4C7"
        }
      },
      "GitLog": {
        "headIconColor": "#EABE00",
        "localBranchIconColor": "#2DA54A",
        "otherIconColor": "#627880",
        "remoteBranchIconColor": "#976EA1",
        "tagIconColor": "#627880"
      },
      "HgLog": {
        "bookmarkIconColor": "#976EA1",
        "branchIconColor": "#2DA54A",
        "closedBranchIconColor": "#7B2A2D",
        "headIconColor": "#832460",
        "localTagIconColor": "#008687",
        "mqTagIconColor": "#002C8B",
        "tagIconColor": "#627880",
        "tipIconColor": "#EABE00"
      },
      "Log": {
        "Commit": {
          "currentBranchBackground": "#E3F2E4",
          "unmatchedForeground": "#6B8086"
        }
      },
      "RefLabel": {
        "backgroundBase": "#000118",
        "foreground": "#627880"
      }
    },
    "Viewport": {},
    "WelcomeScreen": {
      "background": "#F7F0DD",
      "borderColor": "#B4BAB5",
      "captionBackground": "#CCCDC1",
      "captionForeground": "colorForeground",
      "footerBackground": "#CCCDC1",
      "footerForeground": "colorForeground",
      "groupIconBorderColor": "#B4BAB5",
      "headerBackground": "#D9D7CA",
      "headerForeground": "#36525B",
      "Projects": {
        "background": "colorAlternativeBackground",
        "selectionInactiveBackground": "#D7D5C7"
      },
      "separatorColor": "#ECE5D3"
    },
    "Window": {
      "border": "colorBorder"
    }
  },
  "icons": {
    "ColorPalette": {
      "Actions.Red": "#DC322F",
      "Actions.Yellow": "#B58900",
      "Actions.Green": "#859900",
      "Actions.Blue": "#268BD2",
      "Actions.Grey": "#586E75",
      "Actions.GreyInline": "#586E75",
      "Objects.Grey": "#657B83",
      "Objects.Blue": "#268BD2",
      "Objects.Green": "#859900",
      "Objects.Yellow": "#B58900",
      "Objects.YellowDark": "#CB4B16",
      "Objects.Purple": "#6C71C4",
      "Objects.Pink": "#D33682",
      "Objects.Red": "#DC322F",
      "Objects.RedStatus": "#DC322F",
      "Objects.BlackText": "#002B36FF",
      "Objects.GreenAndroid": "#859900",
      "Checkbox.Background.Default": "#FDF6E3",
      "Checkbox.Border.Default": "#B4BAB5",
      "Checkbox.Background.Selected": "#4984BE",
      "Checkbox.Border.Selected": "#4984BE",
      "Checkbox.Foreground.Selected": "#FDF6E3",
      "Checkbox.Background.Disabled": "#EEE8D5",
      "Checkbox.Border.Disabled": "#C6C7BD",
      "Checkbox.Foreground.Disabled": "#C6C7BD",
      "Checkbox.Focus.Thin.Default": "#86ABCB",
      "Checkbox.Focus.Thin.Selected": "#86ABCB",
      "Checkbox.Focus.Wide": "#86ABCB"
    }
  }
}